File Name,clauseArticle,dvAntageous
001_생명보험_가,"['(00000)\n제13조 (보험금 지급에 관한 세부규정)\n제3항 제12조(보험금의 종류 및 지급사유)의 경우 피보험자(보험대상자)가 병원 또는 의원을 이전하여 입원한 경우에도 회사가 이를 인정한 때에는 계속하여 입원한 것으로 봅니다.', '(00000)\n제19조 (보험금 지급에 관한 세부규정) \n제3항 제18조(보험금의 종류 및 지급사유)의 경우 피보험자(보험대상자)가 병원 또는 의원을 이전하여 입원한 경우에도 회사가 이를 인정하는 때에는 계속하여 입원한 것으로 봅니다.', '(00000)\n제13조 (보험금 지급에 관한 세부규정) \n제3항 제12조(보험금의 종류 및 지급사유)의 경우 피보험자(보험대상자)가 병원 또는 의원을 이전하여 입원한 경우에도 회사가 이를 인정하는 때에는 계속하여 입원한 것으로 봅니다.', '(00000)\n제13조 (보험금 지급에 관한 세부규정)\n제3항 제12조(보험금의 종류 및 지급사유)의 경우 피보험자(보험대상자)가 병원 또는 의원을 이전하여 입원한 경우에도 회사가 이를 인정하는 때에는 계속하여 입원한 것으로 봅니다.', '(00000)\n제19조 (보험금 지급에 관한 세부규정)\n제3항 제18조(보험금의 종류 및 지급사유)의 경우 피보험자(보험대상자)가 병원 또는 의원을 이전하여 입원한 경우에도 회사가 이를 인정하는 때에는 계속하여 입원한 것으로 봅니다.']",2
002_생명보험_가,"['(00000)\n제13조 (보험금 지급에 관한 세부규정)\n제3항 제12조(보험금의 종류 및 지급사유)의 경우 피보험자(보험대상자)가 병원 또는 의원을 이전하여 입원한 경우에도 회사가 이를 인정한 때에는 계속하여 입원한 것으로 봅니다.', '(00000)\n제19조 (보험금 지급에 관한 세부규정) \n제3항 제18조(보험금의 종류 및 지급사유)의 경우 피보험자(보험대상자)가 병원 또는 의원을 이전하여 입원한 경우에도 회사가 이를 인정하는 때에는 계속하여 입원한 것으로 봅니다.', '(00000)\n제13조 (보험금 지급에 관한 세부규정) \n제3항 제12조(보험금의 종류 및 지급사유)의 경우 피보험자(보험대상자)가 병원 또는 의원을 이전하여 입원한 경우에도 회사가 이를 인정하는 때에는 계속하여 입원한 것으로 봅니다.', '(00000)\n제13조 (보험금 지급에 관한 세부규정)\n제3항 제12조(보험금의 종류 및 지급사유)의 경우 피보험자(보험대상자)가 병원 또는 의원을 이전하여 입원한 경우에도 회사가 이를 인정하는 때에는 계속하여 입원한 것으로 봅니다.', '(00000)\n제19조 (보험금 지급에 관한 세부규정)\n제3항 제18조(보험금의 종류 및 지급사유)의 경우 피보험자(보험대상자)가 병원 또는 의원을 이전하여 입원한 경우에도 회사가 이를 인정하는 때에는 계속하여 입원한 것으로 봅니다.']",2
001_생명보험_가,['제16조 (약관 변경)\n회사가 본 약관의 내용을 변경하고자 할 경우 변경사항을 회사의 영업점 및 홈페이지 상에 1개월간 게시하고 이 기간 내에 고객의 서면에 의한 이의 제기가 없으면 이용자가 변경내용을 승인한 것으로 간주한다.'],2
002_생명보험_가,['제16조 (약관 변경)\n회사가 본 약관의 내용을 변경하고자 할 경우 변경사항을 회사의 영업점 및 홈페이지 상에 1개월간 게시하고 이 기간 내에 고객의 서면에 의한 이의 제기가 없으면 이용자가 변경내용을 승인한 것으로 간주한다.'],2
